{
  "GET Categories By Id" : {
    "transaction" : "GET Categories By Id",
    "sampleCount" : 200,
    "errorCount" : 0,
    "errorPct" : 0.0,
    "meanResTime" : 994.365,
    "medianResTime" : 904.0,
    "minResTime" : 92.0,
    "maxResTime" : 3485.0,
    "pct1ResTime" : 2018.3,
    "pct2ResTime" : 2281.9,
    "pct3ResTime" : 3096.140000000001,
    "throughput" : 1.0819817577875637,
    "receivedKBytesPerSec" : 0.7766177655994719,
    "sentKBytesPerSec" : 0.79248824021077
  },
  "GET List Produk" : {
    "transaction" : "GET List Produk",
    "sampleCount" : 200,
    "errorCount" : 0,
    "errorPct" : 0.0,
    "meanResTime" : 1159.9750000000006,
    "medianResTime" : 1018.0,
    "minResTime" : 267.0,
    "maxResTime" : 3489.0,
    "pct1ResTime" : 2198.2000000000003,
    "pct2ResTime" : 2514.85,
    "pct3ResTime" : 2971.9300000000003,
    "throughput" : 1.0755926515510046,
    "receivedKBytesPerSec" : 1.4213263637170332,
    "sentKBytesPerSec" : 0.798785101293938
  },
  "POST User-1" : {
    "transaction" : "POST User-1",
    "sampleCount" : 180,
    "errorCount" : 0,
    "errorPct" : 0.0,
    "meanResTime" : 902.9222222222223,
    "medianResTime" : 594.0,
    "minResTime" : 247.0,
    "maxResTime" : 3006.0,
    "pct1ResTime" : 2480.700000000001,
    "pct2ResTime" : 2717.7499999999995,
    "pct3ResTime" : 2862.6299999999997,
    "throughput" : 1.06061409556133,
    "receivedKBytesPerSec" : 19.76987090890209,
    "sentKBytesPerSec" : 0.9124779775267658
  },
  "POST User-0" : {
    "transaction" : "POST User-0",
    "sampleCount" : 180,
    "errorCount" : 0,
    "errorPct" : 0.0,
    "meanResTime" : 738.8333333333331,
    "medianResTime" : 468.0,
    "minResTime" : 38.0,
    "maxResTime" : 3272.0,
    "pct1ResTime" : 1858.1000000000004,
    "pct2ResTime" : 2230.9999999999995,
    "pct3ResTime" : 3228.2599999999998,
    "throughput" : 1.0745691276289633,
    "receivedKBytesPerSec" : 1.5478179530652085,
    "sentKBytesPerSec" : 0.9196800619668197
  },
  "DELETE Product" : {
    "transaction" : "DELETE Product",
    "sampleCount" : 200,
    "errorCount" : 0,
    "errorPct" : 0.0,
    "meanResTime" : 1023.37,
    "medianResTime" : 768.5,
    "minResTime" : 31.0,
    "maxResTime" : 3003.0,
    "pct1ResTime" : 2246.6,
    "pct2ResTime" : 2534.5499999999997,
    "pct3ResTime" : 2983.94,
    "throughput" : 1.0860121633362294,
    "receivedKBytesPerSec" : 1.1702735562825803,
    "sentKBytesPerSec" : 0.8202255341822329
  },
  "POST Offer-1" : {
    "transaction" : "POST Offer-1",
    "sampleCount" : 200,
    "errorCount" : 0,
    "errorPct" : 0.0,
    "meanResTime" : 1035.82,
    "medianResTime" : 668.5,
    "minResTime" : 228.0,
    "maxResTime" : 3515.0,
    "pct1ResTime" : 2741.9,
    "pct2ResTime" : 3017.1,
    "pct3ResTime" : 3501.87,
    "throughput" : 1.0962087619966345,
    "receivedKBytesPerSec" : 20.195853324869688,
    "sentKBytesPerSec" : 0.7855127961819048
  },
  "GET Categories" : {
    "transaction" : "GET Categories",
    "sampleCount" : 200,
    "errorCount" : 0,
    "errorPct" : 0.0,
    "meanResTime" : 911.2600000000002,
    "medianResTime" : 626.5,
    "minResTime" : 117.0,
    "maxResTime" : 3470.0,
    "pct1ResTime" : 2181.2000000000003,
    "pct2ResTime" : 2467.1499999999983,
    "pct3ResTime" : 3009.940000000001,
    "throughput" : 1.0833884055772836,
    "receivedKBytesPerSec" : 1.1320562441090756,
    "sentKBytesPerSec" : 0.7914025343163278
  },
  "POST User" : {
    "transaction" : "POST User",
    "sampleCount" : 200,
    "errorCount" : 0,
    "errorPct" : 0.0,
    "meanResTime" : 1689.1549999999997,
    "medianResTime" : 1104.0,
    "minResTime" : 343.0,
    "maxResTime" : 5748.0,
    "pct1ResTime" : 4486.6,
    "pct2ResTime" : 4748.95,
    "pct3ResTime" : 5492.460000000003,
    "throughput" : 1.0625581086465667,
    "receivedKBytesPerSec" : 19.555017474100147,
    "sentKBytesPerSec" : 1.6715989839288086
  },
  "POST Update Profiles" : {
    "transaction" : "POST Update Profiles",
    "sampleCount" : 200,
    "errorCount" : 0,
    "errorPct" : 0.0,
    "meanResTime" : 2284.5750000000007,
    "medianResTime" : 2056.5,
    "minResTime" : 1056.0,
    "maxResTime" : 5513.0,
    "pct1ResTime" : 3820.4000000000005,
    "pct2ResTime" : 4235.099999999999,
    "pct3ResTime" : 5017.87,
    "throughput" : 1.0636883393165801,
    "receivedKBytesPerSec" : 1.6853695070469352,
    "sentKBytesPerSec" : 18.80498666234543
  },
  "PUT Update Product" : {
    "transaction" : "PUT Update Product",
    "sampleCount" : 200,
    "errorCount" : 0,
    "errorPct" : 0.0,
    "meanResTime" : 1598.98,
    "medianResTime" : 1308.0,
    "minResTime" : 467.0,
    "maxResTime" : 4262.0,
    "pct1ResTime" : 3017.7000000000003,
    "pct2ResTime" : 3520.2999999999997,
    "pct3ResTime" : 4025.6000000000004,
    "throughput" : 1.0835116612942548,
    "receivedKBytesPerSec" : 2.0878761817049054,
    "sentKBytesPerSec" : 1.9010021636373486
  },
  "GET List Offer" : {
    "transaction" : "GET List Offer",
    "sampleCount" : 200,
    "errorCount" : 0,
    "errorPct" : 0.0,
    "meanResTime" : 844.5400000000002,
    "medianResTime" : 531.0,
    "minResTime" : 58.0,
    "maxResTime" : 2980.0,
    "pct1ResTime" : 2191.6000000000004,
    "pct2ResTime" : 2450.9,
    "pct3ResTime" : 2804.8100000000004,
    "throughput" : 1.096815943316552,
    "receivedKBytesPerSec" : 1.4620963545951104,
    "sentKBytesPerSec" : 0.9235532997707655
  },
  "PUT Update offer" : {
    "transaction" : "PUT Update offer",
    "sampleCount" : 200,
    "errorCount" : 0,
    "errorPct" : 0.0,
    "meanResTime" : 1703.0699999999997,
    "medianResTime" : 1057.0,
    "minResTime" : 310.0,
    "maxResTime" : 5751.0,
    "pct1ResTime" : 4505.3,
    "pct2ResTime" : 5204.75,
    "pct3ResTime" : 5517.4900000000025,
    "throughput" : 1.0989433659536356,
    "receivedKBytesPerSec" : 21.685377536842076,
    "sentKBytesPerSec" : 1.7197605127669746
  },
  "Total" : {
    "transaction" : "Total",
    "sampleCount" : 3960,
    "errorCount" : 0,
    "errorPct" : 0.0,
    "meanResTime" : 1211.5348484848469,
    "medianResTime" : 939.5,
    "minResTime" : 16.0,
    "maxResTime" : 5995.0,
    "pct1ResTime" : 2509.9,
    "pct2ResTime" : 3204.0,
    "pct3ResTime" : 4986.339999999999,
    "throughput" : 19.887305270135897,
    "receivedKBytesPerSec" : 132.23637216599622,
    "sentKBytesPerSec" : 53.04813031552264
  },
  "POST User Sign in" : {
    "transaction" : "POST User Sign in",
    "sampleCount" : 200,
    "errorCount" : 0,
    "errorPct" : 0.0,
    "meanResTime" : 1114.0499999999995,
    "medianResTime" : 624.5,
    "minResTime" : 77.0,
    "maxResTime" : 3988.0,
    "pct1ResTime" : 3051.600000000002,
    "pct2ResTime" : 3203.5,
    "pct3ResTime" : 3808.250000000002,
    "throughput" : 1.06088976824863,
    "receivedKBytesPerSec" : 2.1929803659141425,
    "sentKBytesPerSec" : 0.8365074381633877
  },
  "POST Offer-0" : {
    "transaction" : "POST Offer-0",
    "sampleCount" : 200,
    "errorCount" : 0,
    "errorPct" : 0.0,
    "meanResTime" : 873.2399999999999,
    "medianResTime" : 643.5,
    "minResTime" : 16.0,
    "maxResTime" : 3276.0,
    "pct1ResTime" : 1999.7,
    "pct2ResTime" : 2434.349999999998,
    "pct3ResTime" : 3099.9100000000008,
    "throughput" : 1.092054755625447,
    "receivedKBytesPerSec" : 1.416013225465625,
    "sentKBytesPerSec" : 0.9304327847123255
  },
  "GET Profiles" : {
    "transaction" : "GET Profiles",
    "sampleCount" : 200,
    "errorCount" : 0,
    "errorPct" : 0.0,
    "meanResTime" : 897.7449999999998,
    "medianResTime" : 548.5,
    "minResTime" : 175.0,
    "maxResTime" : 3233.0,
    "pct1ResTime" : 2008.5,
    "pct2ResTime" : 2457.7,
    "pct3ResTime" : 2937.3800000000015,
    "throughput" : 1.0737736163084737,
    "receivedKBytesPerSec" : 1.7013806631491635,
    "sentKBytesPerSec" : 0.7830577985493319
  },
  "GET Product" : {
    "transaction" : "GET Product",
    "sampleCount" : 200,
    "errorCount" : 0,
    "errorPct" : 0.0,
    "meanResTime" : 1059.975,