{
  "GET List Category" : {
    "transaction" : "GET List Category",
    "sampleCount" : 200,
    "errorCount" : 0,
    "errorPct" : 0.0,
    "meanResTime" : 303.67000000000013,
    "medianResTime" : 259.5,
    "minResTime" : 246.0,
    "maxResTime" : 1453.0,
    "pct1ResTime" : 404.9,
    "pct2ResTime" : 514.4999999999999,
    "pct3ResTime" : 1089.9400000000046,
    "throughput" : 3.700619853825516,
    "receivedKBytesPerSec" : 10.758540336756406,
    "sentKBytesPerSec" : 1.3190686002405403
  },
  "GET Detail Category By Id" : {
    "transaction" : "GET Detail Category By Id",
    "sampleCount" : 200,
    "errorCount" : 0,
    "errorPct" : 0.0,
    "meanResTime" : 301.3899999999998,
    "medianResTime" : 264.5,
    "minResTime" : 244.0,
    "maxResTime" : 796.0,
    "pct1ResTime" : 413.9,
    "pct2ResTime" : 472.84999999999997,
    "pct3ResTime" : 574.9100000000001,
    "throughput" : 3.691262780997379,
    "receivedKBytesPerSec" : 1.3806187940644494,
    "sentKBytesPerSec" : 1.3229428131113654
  },
  "POST  Create Order" : {
    "transaction" : "POST  Create Order",
    "sampleCount" : 200,
    "errorCount" : 200,
    "errorPct" : 100.0,
    "meanResTime" : 470.65999999999974,
    "medianResTime" : 423.5,
    "minResTime" : 270.0,
    "maxResTime" : 1604.0,
    "pct1ResTime" : 681.0,
    "pct2ResTime" : 825.9999999999998,
    "pct3ResTime" : 1253.0500000000036,
    "throughput" : 3.7008252840383404,
    "receivedKBytesPerSec" : 1.2613164298138484,
    "sentKBytesPerSec" : 2.9851637383886604
  },
  "GET Seller Product Id" : {
    "transaction" : "GET Seller Product Id",
    "sampleCount" : 200,
    "errorCount" : 0,
    "errorPct" : 0.0,
    "meanResTime" : 478.88999999999976,
    "medianResTime" : 420.0,
    "minResTime" : 272.0,
    "maxResTime" : 1669.0,
    "pct1ResTime" : 709.5,
    "pct2ResTime" : 788.95,
    "pct3ResTime" : 1666.820000000001,
    "throughput" : 3.7021954018733108,
    "receivedKBytesPerSec" : 2.7187997482507127,
    "sentKBytesPerSec" : 1.337707322942505
  },
  "Register" : {
    "transaction" : "Register",
    "sampleCount" : 200,
    "errorCount" : 0,
    "errorPct" : 0.0,
    "meanResTime" : 633.275,
    "medianResTime" : 548.5,
    "minResTime" : 334.0,
    "maxResTime" : 1686.0,
    "pct1ResTime" : 1130.9,
    "pct2ResTime" : 1289.85,
    "pct3ResTime" : 1643.6800000000003,
    "throughput" : 3.73761913660998,
    "receivedKBytesPerSec" : 2.1845361848252662,
    "sentKBytesPerSec" : 5.653075943748832
  },
  "Total" : {
    "transaction" : "Total",
    "sampleCount" : 2200,
    "errorCount" : 200,
    "errorPct" : 9.090909,
    "meanResTime" : 492.434545454545,
    "medianResTime" : 437.0,
    "minResTime" : 244.0,
    "maxResTime" : 2020.0,
    "pct1ResTime" : 745.8000000000002,
    "pct2ResTime" : 971.0,
    "pct3ResTime" : 1546.7799999999952,
    "throughput" : 37.49339604955945,
    "receivedKBytesPerSec" : 44.80134624725191,
    "sentKBytesPerSec" : 79.01646673739285
  },
  "GET List Buyer" : {
    "transaction" : "GET List Buyer",
    "sampleCount" : 200,
    "errorCount" : 0,
    "errorPct" : 0.0,
    "meanResTime" : 545.2700000000002,
    "medianResTime" : 526.5,
    "minResTime" : 309.0,
    "maxResTime" : 1119.0,
    "pct1ResTime" : 693.9,
    "pct2ResTime" : 766.95,
    "pct3ResTime" : 970.5300000000004,
    "throughput" : 3.6854810474137136,
    "receivedKBytesPerSec" : 18.700937033556304,
    "sentKBytesPerSec" : 1.5368168039508356
  },
  "Login" : {
    "transaction" : "Login",
    "sampleCount" : 200,
    "errorCount" : 0,
    "errorPct" : 0.0,
    "meanResTime" : 564.665,
    "medianResTime" : 457.0,
    "minResTime" : 324.0,
    "maxResTime" : 1817.0,
    "pct1ResTime" : 1174.5000000000005,
    "pct2ResTime" : 1331.9999999999995,
    "pct3ResTime" : 1732.970000000001,
    "throughput" : 3.7232161140793414,
    "receivedKBytesPerSec" : 1.8652440102760766,
    "sentKBytesPerSec" : 2.995152838021483
  },
  "POST Create Seller product" : {
    "transaction" : "POST Create Seller product",
    "sampleCount" : 200,
    "errorCount" : 0,
    "errorPct" : 0.0,
    "meanResTime" : 739.4300000000003,
    "medianResTime" : 677.0,
    "minResTime" : 285.0,
    "maxResTime" : 2020.0,
    "pct1ResTime" : 1127.6,
    "pct2ResTime" : 1457.9999999999998,
    "pct3ResTime" : 1819.89,
    "throughput" : 3.6886077350104203,
    "receivedKBytesPerSec" : 2.52150919385478,
    "sentKBytesPerSec" : 64.42492011858874
  },
  "GET List Seller Product" : {
    "transaction" : "GET List Seller Product",
    "sampleCount" : 200,
    "errorCount" : 0,
    "errorPct" : 0.0,
    "meanResTime" : 554.0550000000001,
    "medianResTime" : 533.5,
    "minResTime" : 278.0,
    "maxResTime" : 1688.0,
    "pct1ResTime" : 724.8,
    "pct2ResTime" : 887.9999999999995,
    "pct3ResTime" : 1433.2600000000016,
    "throughput" : 3.7166431279268566,
    "receivedKBytesPerSec" : 2.7366688656805174,
    "sentKBytesPerSec" : 1.324780021184866
  },
  "DELETE Seller Product By Id" : {
    "transaction" : "DELETE Seller Product By Id",
    "sampleCount" : 200,
    "errorCount" : 0,
    "errorPct" : 0.0,
    "meanResTime" : 496.83000000000015,
    "medianResTime" : 451.0,
    "minResTime" : 276.0,
    "maxResTime" : 1814.0,
    "pct1ResTime" : 695.0,
    "pct2ResTime" : 826.95,
    "pct3ResTime" : 1805.9600000000028,
    "throughput" : 3.711539175295995,
    "receivedKBytesPerSec" : 1.1671050922317485,
    "sentKBytesPerSec" : 1.420823590542998
  },
  "GET Detail Buyer By Id" : {
    "transaction" : "GET Detail Buyer By Id",
    "sampleCount" : 200,
    "errorCount" : 0,
    "errorPct" : 0.0,
    "meanResTime" : 328.6449999999998,
    "medianResTime" : 282.0,
    "minResTime" : 251.0,
    "maxResTime" : 1101.0,
    "pct1ResTime" : 482.40000000000003,
    "pct2ResTime" : 531.8499999999999,
    "pct3ResTime" : 799.6400000000003,
    "throughput" : 3.7019898195279963,
    "receivedKBytesPerSec" : 3.30793035631652,
    "sentKBytesPerSec" : 1.3340178158260065
  }
}